log.fc	test.stat	p.value	q.value	probe.id	gene.id
-10.1114698121904	-108.929580841474	9.47765160656237e-14	1.03571776756514e-09	1772391_at	YIL057C
-8.47382734668662	-89.8655010292243	4.27707852684867e-13	2.33699570707012e-09	1774122_at	YOR388C
-8.99086613666265	-80.6988116037948	9.93223652669337e-13	3.61798269212351e-09	1774070_at	YMR303C
-7.3044488440205	-72.7026363950615	2.24818946920238e-12	5.71704864462008e-09	1776153_at	YMR206W
-8.5775132585497	-71.3096382839651	2.61577994354872e-12	5.71704864462008e-09	1774072_at	YJR095W
-8.08140116381569	-69.0972607922344	3.3476139167844e-12	5.88118438334011e-09	1776304_at	YDR256C
-8.4447689520665	-67.7726869015599	3.89517513493596e-12	5.88118438334011e-09	1770580_at	YCR010C
-8.92603719833694	-66.4444595586983	4.54778685978108e-12	5.88118438334011e-09	1774019_at	YMR175W
-4.89512160638895	-65.911594620527	4.84358157485917e-12	5.88118438334011e-09	1776285_at	YOR348C
-6.05332255891755	-61.7034949118274	8.11641706498403e-12	8.52153600574959e-09	1776791_at	YGL205W
-4.34392230325285	-61.2691003840137	8.57768082569962e-12	8.52153600574959e-09	1776944_at	YGR289C
-7.33648434924977	-58.5874476914332	1.21737912879508e-11	1.10862659328938e-08	1775070_at	YPL201C
-4.31988374811842	-56.2737013569142	1.66839291854665e-11	1.40247675491368e-08	1769308_at	YKR009C
-4.48941720051187	-53.6312357520289	2.43020568102843e-11	1.89694912016276e-08	1777556_at	YIL155C
-4.70912712653633	-51.3042400239231	3.43764208750891e-11	2.50443684881983e-08	1775925_at	YIL136W
-4.8333088313147	-50.5467306344129	3.86154471527552e-11	2.58651183507833e-08	1774081_at	YOL126C
-5.25233428949607	-50.1638945263321	4.09798550036025e-11	2.58651183507833e-08	1770887_at	YKL187C
-4.49059957193194	-49.5836826308646	4.48809328949794e-11	2.58651183507833e-08	1774377_at	YML042W
-4.86980048208866	-49.5447576313277	4.51572706528383e-11	2.58651183507833e-08	1770767_at	YFL030W
-7.37791687861131	-49.2467856990382	4.73373322671729e-11	2.58651183507833e-08	1776680_at	YGR236C
-6.03089325401516	-48.432662761821	5.39241339722078e-11	2.80610921927756e-08	1776576_at	YKL093W
-7.5751672842258	-47.8309577050339	5.94580975161879e-11	2.95344586207683e-08	1776778_at	YMR081C
-3.9278707391017	-47.2455746522241	6.54636327655379e-11	3.01661380736863e-08	1779019_at	YHL024W
-3.47555120028918	-46.9344288731605	6.89321724006515e-11	3.01661380736863e-08	1772813_at	YOL155C
-5.43924560477533	-46.9275541876432	6.90111138215737e-11	3.01661380736863e-08	1777569_at	YBR072W
-3.55227320891741	-46.3036850959695	7.66181246180587e-11	3.12118533150395e-08	1773061_s_at	YIL169C
-3.88102043904219	-46.2653384001516	7.71156697937468e-11	3.12118533150395e-08	1780148_at	YPL113C
-8.21058603708926	-45.8132744277786	8.32641619786669e-11	3.24968129322454e-08	1770587_at	YLR307C-A
-3.17030670731093	-45.0058855396125	9.56710233373702e-11	3.54009225111125e-08	1775340_at	YDL169C
-4.55580304146547	-44.9155663622068	9.7184084492439e-11	3.54009225111125e-08	1774129_at	YNL195C
-4.84206815672071	-43.8439926985693	1.17355079820543e-10	3.95280376432537e-08	1772229_at	YKL163W
-3.21254611951375	-43.8316118291173	1.17614212739309e-10	3.95280376432537e-08	1776434_at	YBL043W
-2.87106646649821	-43.7487406257082	1.19365413820221e-10	3.95280376432537e-08	1769460_at	YJL185C
-3.17500126946837	-43.4532691844412	1.25852712408441e-10	3.99591557983492e-08	1773457_at	YDL215C
-7.2795602225105	-43.3600811072154	1.27980458724581e-10	3.99591557983492e-08	1774960_at	YJL116C
-5.29749635661641	-42.9743162723991	1.37230563433906e-10	4.15503155333092e-08	1779660_at	YLR174W
4.00099276816099	42.837868864378	1.40680973163657e-10	4.15503155333092e-08	1770682_at	YDR345C
-8.22551056017656	-42.331222476401	1.54376113861621e-10	4.43953203231525e-08	1773702_at	YMR118C
-3.46865465221607	-42.0534077822342	1.62519928556868e-10	4.55389174171653e-08	1771645_at	YPR151C
-5.29242133181669	-41.4423977896585	1.82192097970046e-10	4.89526811755881e-08	1772915_at	YAL054C
-3.12184617856738	-41.3997567306804	1.8366214569904e-10	4.89526811755881e-08	1776366_at	YPL147W
-5.97683875680646	-41.113286618129	1.93891921822362e-10	5.04488314684471e-08	1772361_at	YHR126C
-6.32443091879525	-40.4504707440055	2.20117583291453e-10	5.52070453307447e-08	1776759_at	YKL107W
-7.9259891058403	-40.3452421414419	2.24638334040807e-10	5.52070453307447e-08	1769342_at	YIL160C
-4.86804761152393	-40.2836022516162	2.27335014630629e-10	5.52070453307447e-08	1770073_s_at	YMR322C
-3.22126588126931	-40.0006259690611	2.40192420973788e-10	5.62675110838503e-08	1769845_at	YHL032C
-4.95340668385717	-39.9622214009861	2.41999727392109e-10	5.62675110838503e-08	1775479_at	YHR137W
-2.62933191699818	-39.6653198663921	2.56500697482442e-10	5.70312899749879e-08	1776402_at	YMR181C
-3.00224740685728	-39.5937300057279	2.6014211980491e-10	5.70312899749879e-08	1777268_at	YJR019C
3.16299158471294	39.5337461402847	2.63238099360069e-10	5.70312899749879e-08	1777697_at	YGL157W
-3.70871693207383	-39.4030246363119	2.701300185258e-10	5.70312899749879e-08	1775439_at	YBR026C
-5.88168021461841	-39.3797417350147	2.71378759031787e-10	5.70312899749879e-08	1779057_at	YPL186C
-3.5143300928484	-39.116424003217	2.85963658230012e-10	5.89624690025958e-08	1774778_at	YOR100C
-5.12716206774849	-38.738190069135	3.08485334581384e-10	6.24282914130623e-08	1773961_at	YGR256W
-3.45268021500058	-38.259419145049	3.39914136281549e-10	6.75378487506322e-08	1780070_at	YBR046C
-4.19397341185924	-37.8615960202366	3.68790063540612e-10	7.09631789399107e-08	1775873_at	YNL009W
3.60302446878714	37.8438512691357	3.70141032171936e-10	7.09631789399107e-08	1777122_at	YOL014W
-3.99926407412209	-37.5699519273148	3.917176233735e-10	7.3805003245269e-08	1772850_at	YJR008W
-2.48909772544152	-37.423488611999	4.03834755582274e-10	7.42709298328658e-08	1775702_at	YMR018W
-3.00319980359694	-37.3768287275711	4.07783289711928e-10	7.42709298328658e-08	1780013_at	YLR284C
-3.21442131314036	-37.2127746404989	4.22015578406753e-10	7.51299364374574e-08	1773493_at	YBR230C
-4.85720157413437	-37.1651698600108	4.26249639377961e-10	7.51299364374574e-08	1780085_at	YER015W
-4.41782683266543	-36.9249171924939	4.48362139495205e-10	7.69827233901216e-08	1772549_at	YAL062W
-2.54140878571563	-36.8987197752891	4.50850503016818e-10	7.69827233901216e-08	1769968_at	YPR184W
3.57926336235531	36.537269495086	4.8682099991307e-10	8.18458444161543e-08	1775158_at	YDL241W
-4.07790509469424	-36.4221480468061	4.98948322755356e-10	8.26137465313717e-08	1775874_at	YIL099W
-3.63632630992897	-36.2586376330211	5.1676271138998e-10	8.42863120905926e-08	1772838_at	YOR120W
-5.08147982924918	-36.1029519806931	5.34393267274695e-10	8.5880141540851e-08	1771375_at	YBL049W
2.89369485703692	35.9348897593865	5.54190368544975e-10	8.77709035863694e-08	1770925_at	YHR049W
-2.24470597520505	-35.6279911849223	5.9251208518512e-10	9.2499600955757e-08	1771222_at	YGL096W
-2.25933651550047	-35.4349199479984	6.18147814368206e-10	9.51425255692359e-08	1777463_at	YMR191W
-3.89314292770897	-35.0934395608193	6.6660926407752e-10	1.01176472747766e-07	1778111_at	YDR384C
-4.73838816797891	-34.8849746841047	6.98292615385249e-10	1.04222271748981e-07	1779560_at	YHR160C
-4.7065329162153	-34.8374490931438	7.05751108109864e-10	1.04222271748981e-07	1775066_at	YOR173W
-2.28021797515066	-34.6388236732545	7.37909505246236e-10	1.07518334311078e-07	1771896_at	YPL092W
-4.50050304604953	-34.2964200973479	7.9729948391973e-10	1.12656288051219e-07	1774491_s_at	YBR299W
-4.4528981999559	-34.2776342189695	8.00710513889293e-10	1.12656288051219e-07	1777779_at	YPL200W
2.86513454103758	34.2590632745235	8.04098688506141e-10	1.12656288051219e-07	1777284_at	YBL029W
-2.18703085057823	-34.0905734248798	8.3558805290793e-10	1.15586154964277e-07	1774221_at	YNL125C
-2.41077810824487	-33.8482673566835	8.83338789552309e-10	1.20664078652845e-07	1769913_s_at	YDL244W
-4.72247337049425	-33.5669728601181	9.42672512283705e-10	1.26028915050296e-07	1772647_at	YDR018C
-8.8258107549052	-33.5532580862796	9.45678169301266e-10	1.26028915050296e-07	1769333_at	YPL223C
-4.92301608184191	-33.335607097699	9.94852571425845e-10	1.3098492651255e-07	1778884_at	YNL014W
-3.85452253424563	-33.0847462160797	1.05513983842274e-09	1.37268668503378e-07	1774983_at	YOL083W
-2.25019991431805	-32.9733752477388	1.08321587081073e-09	1.39263329837879e-07	1769466_at	YDL049C
3.11049123404508	32.8838032002059	1.10640799255857e-09	1.40364146506044e-07	1779506_at	YEL040W
-5.4411980295898	-32.7992816689159	1.1288066221126e-09	1.40364146506044e-07	1772642_at	YLR312C
-3.20946672897287	-32.758476442789	1.13980275584956e-09	1.40364146506044e-07	1777575_at	YJR115W
-2.25857407852619	-32.7461210928084	1.14315602480215e-09	1.40364146506044e-07	1770397_at	YDR262W
-3.49268994697721	-32.5547962654112	1.196526933674e-09	1.43106837109519e-07	1773698_at	YIR016W
-2.80855600066058	-32.5392368100916	1.20098930632057e-09	1.43106837109519e-07	1777106_at	YNL274C
-2.40709568698109	-32.5260726220545	1.20477937537296e-09	1.43106837109519e-07	1770785_at	YPR193C
-2.22918320540226	-32.4101816583006	1.23873306802195e-09	1.45557795347784e-07	1777511_at	YOR215C
-7.09436938758795	-32.1509968594868	1.31864240265558e-09	1.53299193364044e-07	1779563_at	YDR070C
-3.13909735689941	-31.9693893323913	1.37809502969241e-09	1.58524447205038e-07	1772062_s_at	YFL061W
-2.31747347435707	-31.8090272807658	1.43311221324994e-09	1.63135940274952e-07	1773234_at	YER079W
-2.92787254517823	-31.6786021607846	1.47968702051671e-09	1.66438322275008e-07	1773594_at	YBR298C
-2.29508842283526	-31.6433033594148	1.49258378321292e-09	1.66438322275008e-07	1770506_at	YIL162W
-5.91151490266908	-31.4793827285665	1.55415750916344e-09	1.71553871314526e-07	1770118_at	YOR178C
-5.68980090074879	-31.2056875184854	1.66345224619686e-09	1.81782061464393e-07	1769579_at	YGL121C
-4.84060822542098	-31.1596157676547	1.68268877588395e-09	1.82063593493661e-07	1771529_at	YDR380W
-4.77088430875607	-31.0320679962977	1.73726488633518e-09	1.84624200252454e-07	1770592_at	YJL089W
-3.89540122742216	-31.0254653311756	1.74014390794315e-09	1.84624200252454e-07	1777536_at	YGR067C
2.50152265340608	30.8980959125256	1.79674767960826e-09	1.88796717718838e-07	1774974_at	YML056C
2.34600993235642	30.8104634331614	1.83689656568911e-09	1.9117719685572e-07	1776471_at	YGL209W
-2.14298786082765	-30.6845308042663	1.89637486576911e-09	1.95505514463442e-07	1776643_at	YGR230W
-4.3521275243654	-30.6473701393522	1.91433831425371e-09	1.95512982225837e-07	1775851_at	YKL026C
-3.10093624000179	-30.4400365471552	2.01815088001976e-09	2.04206970526444e-07	1777053_at	YPR026W
-2.38857329457131	-30.2991720876333	2.0922992627685e-09	2.09767397647102e-07	1775996_at	YGL146C
-2.3075924231548	-30.1750614529498	2.16017928135927e-09	2.13826826668917e-07	1774011_at	YIL107C
-2.38836283432155	-30.1540350915717	2.17192329431276e-09	2.13826826668917e-07	1770947_at	YPR006C
-2.61604409627355	-30.0659249918219	2.22192458897455e-09	2.16340928507585e-07	1776188_at	YDL110C
-2.55670461032446	-30.0397043341153	2.23705389104659e-09	2.16340928507585e-07	1770623_at	YPL134C
-5.8835720900845	-29.9692137400577	2.27830557828253e-09	2.18397573328697e-07	1769959_at	YDL085W
-2.04616370346553	-29.8485721942475	2.35091003525379e-09	2.23397781436986e-07	1769554_at	YOR084W
-3.95310933823153	-29.743158810185	2.4164887489681e-09	2.27649905592443e-07	1778227_at	YDL079C
2.28882926251097	29.7070790868969	2.43940576275524e-09	2.2784466816572e-07	1775237_at	YHR068W
-2.98328262991621	-29.6699711025151	2.46323164845194e-09	2.28120300460023e-07	1777667_s_at	YEL070W
-7.54757691141219	-29.155758827995	2.8218908304258e-09	2.59139689032716e-07	1776064_at	YKL217W
-4.26878811868464	-29.0579379947627	2.8965868532411e-09	2.63782509435157e-07	1773415_at	YFR017C
-5.68043073292631	-29.0224101363296	2.92426531274628e-09	2.64102242460259e-07	1779158_at	YBL075C
-5.05844786712387	-28.9666071483018	2.96834299361328e-09	2.65885674050868e-07	1777444_at	YMR174C
-2.88317536257235	-28.8534398612687	3.06004890176572e-09	2.71871661776388e-07	1770378_at	YKL188C
-2.5324236996558	-28.787052867054	3.11532930564914e-09	2.73956570650049e-07	1775401_at	YIL024C
2.15008525909098	28.7653388432818	3.13365403836531e-09	2.73956570650049e-07	1777048_at	YHR179W
-1.94047776687012	-28.6589246461975	3.22523219191575e-09	2.79070313080954e-07	1772934_at	YBR269C
1.85432438526582	28.6384205273699	3.24322197669117e-09	2.79070313080954e-07	1769731_at	YDR261C
-4.90658033004959	-28.5472852755452	3.32456146238938e-09	2.83834434851493e-07	1770576_at	YPL036W
1.82561661962077	28.4706026144187	3.39478475990095e-09	2.87583006637191e-07	1777616_at	YML018C
-2.76627125498748	-28.0936633667715	3.76519501356204e-09	3.16023638958092e-07	1774614_at	YNL200C
-2.26591297165005	-28.0715015261108	3.78835072323481e-09	3.16023638958092e-07	1769609_at	YGR110W
-2.55720943401067	-27.9754530048168	3.89057819940253e-09	3.220927163869e-07	1776749_at	YIR038C
-2.84144487768301	-27.7051500208471	4.19535159812471e-09	3.44712798979751e-07	1773662_at	YGR066C
-2.83882413345424	-27.5020184247581	4.44211897363249e-09	3.62264747342208e-07	1771265_at	YKR049C
-5.2365024848241	-26.9131070196347	5.25512395411785e-09	4.23498156204437e-07	1779266_at	YDL204W
-2.65646956020614	-26.9029965337619	5.27047485759548e-09	4.23498156204437e-07	1773976_at	YBR203W
-4.90814284658919	-26.7582450609051	5.49588434739865e-09	4.36268924258657e-07	1779905_at	YER065C
2.60308381505517	26.7498713677222	5.50925252083589e-09	4.36268924258657e-07	1773235_at	YLR460C
-3.57616223478876	-26.5980612493011	5.75807440664235e-09	4.5269235335099e-07	1775271_at	YPL230W
-2.29197392188186	-26.4594097093897	5.99643333145283e-09	4.68064453186547e-07	1769426_at	YPR002W
-2.20632426389306	-26.393204603641	6.11415347910283e-09	4.72470986483216e-07	1776644_at	YKR058W
-4.83332353483401	-26.3792175377803	6.13935579068601e-09	4.72470986483216e-07	1777343_at	YNL202W
-2.38144065063036	-26.3302161058199	6.22857545679675e-09	4.75985123020104e-07	1779578_at	YDR059C
-2.44256329682338	-26.2557423467512	6.36698429348966e-09	4.83183363605937e-07	1775303_at	YBL064C
-2.04006815226733	-26.2096951479876	6.45429442004125e-09	4.86431237394557e-07	1769411_at	YBR149W
-1.79812762705467	-26.1386783326102	6.59160581460342e-09	4.93377180424563e-07	1778290_at	YGR244C
-1.95295239751675	-26.0958210559771	6.67606112867231e-09	4.96299292613136e-07	1772426_at	YEL020C
-3.88109908503322	-25.9981802683312	6.87306366346634e-09	5.07492160232163e-07	1776156_at	YAL061W
-3.31984233807008	-25.9067302022908	7.06353089384349e-09	5.15142415076196e-07	1771949_at	YMR196W
-2.1568387556463	-25.9032235122119	7.07095189068717e-09	5.15142415076196e-07	1777344_at	YJR148W
-2.07052567056762	-25.8142165256665	7.26228406399222e-09	5.25577750008655e-07	1779718_at	YPL123C
-1.83622739064949	-25.7240818448162	7.46200359634951e-09	5.36478784874391e-07	1771801_at	YLR356W
-4.34922498864129	-25.6667100726805	7.59234691234455e-09	5.42282137634649e-07	1777561_at	YGR243W
-1.60364693494113	-25.4983832840533	7.98981144293905e-09	5.65151791933629e-07	1774671_at	YKR046C
-5.59780835593917	-25.4876372467302	8.01597069451982e-09	5.65151791933629e-07	1777690_at	YIL101C
-5.69274585653988	-25.3787560257512	8.28653267841523e-09	5.80482237882831e-07	1774354_at	YOL052C-A
-1.88472381846657	-25.281571643181	8.53673946135156e-09	5.94200565819426e-07	1774485_at	YJL066C
-2.42242871363412	-25.260819210821	8.59126351950903e-09	5.94210935070852e-07	1772689_at	YNL015W
-4.30648813531889	-25.2028222505912	8.74573350529486e-09	6.01090413495989e-07	1769854_at	YDR223W
-1.930052788765	-25.135579221608	8.92875866303236e-09	6.0983421668511e-07	1776865_at	YKL071W
-4.55312141158812	-25.057290593121	9.14730488162687e-09	6.1813275205997e-07	1774540_at	YGR248W
1.60396469941289	25.0510264423566	9.16505020332366e-09	6.1813275205997e-07	1775450_at	YLR301W
-2.20849604099191	-25.0317320047271	9.21995228639963e-09	6.1813275205997e-07	1772220_at	YDR178W
-2.26889855810228	-25.0029527352978	9.3025329342891e-09	6.19866340889703e-07	1777010_at	YLL041C
1.88899406161237	24.9417912386905	9.48081363404397e-09	6.27917159956561e-07	1774710_at	YBR104W
-1.78048037309583	-24.8600183233835	9.72521687715861e-09	6.38109982702324e-07	1776828_at	YIL169C
1.89666541358433	24.8513632774852	9.75149772248244e-09	6.38109982702324e-07	1771158_at	YLR342W-A
1.66832222123235	24.7818488729891	9.9655014846172e-09	6.44396451028975e-07	1777217_at	YLR022C
-2.69581223813783	-24.711427845841	1.01877046198947e-08	6.54889624036526e-07	1772692_at	YJL163C
-1.81622100353777	-24.6906199072653	1.02544248788161e-08	6.55323713892995e-07	1777919_at	YKL171W
2.18034018116134	24.6325356263722	1.04432898715894e-08	6.63513207655403e-07	1770650_at	YDR540C
-4.95810954172165	-24.5152230394046	1.08368068412022e-08	6.84535405552932e-07	1775014_at	YML128C
-3.27136315301588	-24.4716506616255	1.09871986130075e-08	6.90046588752562e-07	1778267_at	YOR180C
1.74000860409407	24.4407087487648	1.10954230339589e-08	6.92861616657732e-07	1773828_at	YNL066W
-2.01104471593876	-24.3656456445866	1.1362992545959e-08	6.99483885372668e-07	1774440_at	YMR110C
-2.8975594257781	-24.3475511266534	1.1428574082304e-08	6.99483885372668e-07	1778223_at	YAR035W
-5.8297771080469	-24.3392696850586	1.14587313253722e-08	6.99483885372668e-07	1775729_at	YNL117W
-1.97634449893544	-24.3258999080546	1.15076072744787e-08	6.99483885372668e-07	1773273_at	YBL015W
-3.3004291008009	-24.3221076141192	1.15215134852745e-08	6.99483885372668e-07	1779688_at	YLR164W
-1.94011909083747	-24.2058843713628	1.19570172137624e-08	7.16844798881583e-07	1769627_at	YLR151C
-5.46785770977828	-24.202904111971	1.19684258539733e-08	7.16844798881583e-07	1772558_at	YBR067C
-3.09993273541062	-24.1818463346337	1.20493866586679e-08	7.16844798881583e-07	1779498_at	YLR178C
-1.5938151819233	-24.1765461786747	1.20698611817543e-08	7.16844798881583e-07	1780014_at	YFR049W
-1.66202377077493	-24.1273108456363	1.2261941188669e-08	7.24316180052835e-07	1778263_at	YIL087C
-2.58643996211339	-24.1084404958181	1.23364699217142e-08	7.24800770454259e-07	1772292_at	YFL054C
2.10037095336868	23.9113107902162	1.31463024676332e-08	7.68250231905326e-07	1771458_at	YGR208W
-2.16588206440612	-23.8821411153201	1.32711447160498e-08	7.69547296624368e-07	1774057_at	YLR345W
1.59789497272355	23.8732789892101	1.33093373958643e-08	7.69547296624368e-07	1773963_at	YCR087C-A
-1.60591307516091	-23.7911734635164	1.36691296598127e-08	7.86190783802281e-07	1770707_at	YGR205W
2.27126845517237	23.7535358701525	1.38377113384677e-08	7.91719945061652e-07	1776766_at	YDL039C
-1.51897653841453	-23.6536106168582	1.42967577503614e-08	8.10306254036338e-07	1774126_at	YDR148C
-1.86746908787143	-23.6505977007024	1.43108626490678e-08	8.10306254036338e-07	1778029_at	YBR222C
1.56937247207014	23.5710943532378	1.46887779263839e-08	8.273031737356e-07	1775736_at	YMR300C
-1.84174519242326	-23.5332361267481	1.48726750312332e-08	8.273031737356e-07	1775629_at	YPL109C
1.6078203070436	23.5271670426521	1.49023961556285e-08	8.273031737356e-07	1769937_at	YBR084W
2.32410829723779	23.5248285775424	1.49138657783596e-08	8.273031737356e-07	1769406_at	YDR144C
2.23412784825949	23.4517261581201	1.52774775809582e-08	8.431933081046e-07	1769622_at	YJL047C-A
-1.53651591451629	-23.3916427453866	1.55838157244376e-08	8.55428807962902e-07	1771041_at	YOR152C
-3.18621110983789	-23.3777315392452	1.56557248895114e-08	8.55428807962902e-07	1778931_at	YJR096W
-2.55423906338278	-23.3387493096437	1.58592284150741e-08	8.62237055323034e-07	1774729_at	YBR241C
1.52657256122285	23.3201706667357	1.59572634419606e-08	8.63272152939334e-07	1770167_at	YGL253W
-2.1929751944559	-23.1762661825278	1.67401496113006e-08	9.01164310109816e-07	1776673_at	YNL036W
-1.87925251276528	-23.1320448849365	1.69893458784831e-08	9.08800407186412e-07	1772576_x_at	YAR020C
-1.77617201008373	-23.1216857416627	1.70483238903015e-08	9.08800407186412e-07	1772694_at	YKR067W
1.8188117455556	23.0774876394939	1.73025615636087e-08	9.17875693044251e-07	1777672_at	YOR051C
-2.54198607461972	-23.0358664474256	1.75458848160795e-08	9.26287097923267e-07	1778781_at	YOR185C
1.88054942109547	23.0065471509126	1.77196023941593e-08	9.30960648862369e-07	1774900_at	YAR028W
4.71930976011331	22.9728186697177	1.79218441487955e-08	9.32872096622165e-07	1776721_at	YHR094C
-1.82174150064142	-22.9720116538627	1.7926714887505e-08	9.32872096622165e-07	1778437_at	YDR085C
1.90005008209589	22.9374287230861	1.81368470334342e-08	9.39333954414071e-07	1772477_at	YJR124C
-2.38721307293228	-22.8992798641266	1.83718695992544e-08	9.47017881984208e-07	1772202_at	YKL148C
1.91201483799998	22.8212185581019	1.88635442273957e-08	9.6341169229826e-07	1773490_at	YOL080C
-4.28529427974704	-22.7737143470635	1.91699965194389e-08	9.6341169229826e-07	1779897_at	YNR034W-A
-1.76266371426771	-22.7690288537533	1.92005253600419e-08	9.6341169229826e-07	1770686_at	YIL042C
-1.77993342611929	-22.759910506225	1.92600939854648e-08	9.6341169229826e-07	1777816_at	YDL238C
2.0965760850015	22.7574970985113	1.92758951742165e-08	9.6341169229826e-07	1771378_at	YOR047C
-2.41668997939435	-22.7454343117297	1.93550923849287e-08	9.6341169229826e-07	1777707_at	YBR047W
-4.39442806492093	-22.744471442292	1.93614297944034e-08	9.6341169229826e-07	1776354_s_at	YMR323W
-2.01566198240835	-22.7393489722689	1.93951841421685e-08	9.6341169229826e-07	1776170_at	YMR034C
-2.886161189484	-22.6502027389522	1.99933496534016e-08	9.82422988518314e-07	1772756_at	YGR146C
-3.32608676607387	-22.6498608719704	1.99956831837767e-08	9.82422988518314e-07	1778357_at	YPL156C
-5.13405667920569	-22.6422644934437	2.00476140592592e-08	9.82422988518314e-07	1780248_at	YPR192W
-4.71210393541899	-22.512879932435	2.09558578225277e-08	1.02234649234189e-06	1769986_at	YDL223C
1.52170153737458	22.4639051290031	2.13116616029045e-08	1.03508372442907e-06	1772959_at	YBR213W
-1.87863637858501	-22.4349658772139	2.15251006720384e-08	1.04082433692051e-06	1773758_at	YDL194W
-1.51766175340817	-22.3163763308428	2.24252454715518e-08	1.07483808119789e-06	1770656_at	YBR053C
-2.76141143821446	-22.2965159523181	2.25800992212058e-08	1.07753416720235e-06	1770886_at	YLR030W
-2.51442041528075	-22.2671381169435	2.28113740631725e-08	1.08028638731318e-06	1770764_at	YDL199C
-1.60273327536407	-22.2633387293296	2.28414787352984e-08	1.08028638731318e-06	1772181_at	YKL133C
-1.7054127417797	-22.2516548019512	2.29343376515975e-08	1.08028638731318e-06	1772227_at	YJL137C
-2.25265177838989	-22.1006280476995	2.41736909244525e-08	1.13377722928076e-06	1769853_at	YBR295W
-1.85418141486954	-22.0243231426078	2.48284104071131e-08	1.15950798687578e-06	1779921_at	YPL004C
-2.84727680840274	-21.999782080489	2.50432048612473e-08	1.16302881036915e-06	1775890_at	YMR090W
-4.97476408598632	-21.9914445210557	2.51166543966984e-08	1.16302881036915e-06	1771695_at	YPR001W
1.54130286375784	21.9429222915354	2.55489525052518e-08	1.17805465391304e-06	1780137_at	YDR281C
2.94676488897209	21.9071069482552	2.58734159192965e-08	1.18800289565577e-06	1778550_at	YJR147W
1.50099547419211	21.891474725392	2.60164856822831e-08	1.18957387253552e-06	1773498_at	YJR010W
-1.55602469275278	-21.8689316306895	2.62243762233106e-08	1.19408326403474e-06	1777238_at	YGR174C
-2.11269777763733	-21.8455830680297	2.64416683752261e-08	1.19898154358702e-06	1776204_at	YKL151C
-2.95649388220483	-21.7621665905885	2.72347002071067e-08	1.22983803249282e-06	1773889_at	YOL131W
-1.81161572997011	-21.7134433648803	2.77102758588168e-08	1.24616417524753e-06	1776923_at	YPL135W
-1.54125484644765	-21.63771367761	2.84681277088529e-08	1.27499876886207e-06	1777042_at	YDR513W
-1.62215568290984	-21.5877571140785	2.89808258485007e-08	1.29266312192823e-06	1775041_at	YPR061C
-1.78909251904775	-21.5642284922362	2.9225891536611e-08	1.29829488907352e-06	1769450_at	YER035W
1.61921230121506	21.53306249877	2.95541046633835e-08	1.30755973992492e-06	1774429_at	YPL279C
1.59205541142833	21.5125457506242	2.97724334717302e-08	1.31190787491559e-06	1780138_at	YOR108W
-1.77186342617438	-21.4913962156006	2.99993984170783e-08	1.31660010402342e-06	1780117_at	YDR523C
-3.67212949333139	-21.4612885030165	3.03258649768264e-08	1.32560420986704e-06	1774435_at	YJL161W
-1.43086210506777	-21.3660617368831	3.13850599955332e-08	1.3664379905625e-06	1773792_at	YIL097W
-2.30669693020054	-21.3334763417586	3.17570167907495e-08	1.37714555352901e-06	1777223_at	YGR127W
1.44329739851873	21.1250686461344	3.42566829923782e-08	1.47967206221624e-06	1773086_at	YDR165W
2.28697595501424	21.0640896583913	3.50294100690499e-08	1.50709209934873e-06	1770515_x_at	YLR461W
-2.67404351983372	-21.0126816433785	3.56961159761546e-08	1.51943288242011e-06	1778518_at	YNL012W
3.04325283910155	21.0077388381647	3.57609678349809e-08	1.51943288242011e-06	1777309_at	YBR085W
2.75851797016064	20.9951061066213	3.59273184671631e-08	1.51943288242011e-06	1771190_at	YGR177C
1.43316466681519	20.9903314400871	3.59904190091112e-08	1.51943288242011e-06	1771778_at	YJR143C
-1.46497805756208	-20.9887422312558	3.60114491715601e-08	1.51943288242011e-06	1777271_at	YOL147C
-1.53794343463464	-20.9672120501396	3.62977275239064e-08	1.52562140915865e-06	1780047_at	YPL203W
-1.6430742010277	-20.9051120790223	3.71379000290791e-08	1.55495391386121e-06	1770795_at	YKL162C
2.4749507576494	20.8732053460578	3.75780747009068e-08	1.56475741521556e-06	1777945_at	YGR138C
-2.26852700244104	-20.8674268916659	3.76584187593056e-08	1.56475741521556e-06	1780120_at	YOR031W
1.45542409764968	20.8542792005166	3.78419466652546e-08	1.56642724681023e-06	1773052_at	YEL029C
-4.01982982244043	-20.827067047986	3.82250065477512e-08	1.57631272284463e-06	1771951_at	YJL144W
-2.33316823748102	-20.816792843629	3.83707678304357e-08	1.57637500319925e-06	1773938_at	YKL086W
1.40214380620604	20.8015913108478	3.85875826551972e-08	1.57934495601496e-06	1778766_at	YKL120W
1.33440556247456	20.7867927696097	3.87999751265344e-08	1.58211241859242e-06	1771495_at	YDR528W
1.53263634264091	20.7469734397546	3.93780357498798e-08	1.59971440399512e-06	1773600_at	YIL074C
1.58564758909695	20.721094154653	3.97589229724239e-08	1.60920559349129e-06	1772716_at	YNL108C
-1.71494914825611	-20.6593259598177	4.06848911580943e-08	1.63497331455563e-06	1776046_at	YBR001C
-1.52011125730982	-20.656603800327	4.0726253989129e-08	1.63497331455563e-06	1771657_at	YDR525W-A
1.86208464050526	20.6488448415622	4.08444102190417e-08	1.63497331455563e-06	1779978_at	YEL071W
-1.36119099567479	-20.6062343561382	4.15002155174928e-08	1.65516188020132e-06	1774835_at	YIL033C
-3.1544431199111	-20.5702606254011	4.20631114037302e-08	1.67151156879987e-06	1769617_at	YBR157C
-2.54474619205352	-20.461453932967	4.38186485263928e-08	1.71808965095336e-06	1776813_at	YPR007C
1.4514200083426	20.452211013278	4.39715381004818e-08	1.71808965095336e-06	1772783_at	YLR285W
1.77241464626211	20.4442861372868	4.41031037307446e-08	1.71808965095336e-06	1775386_at	YML116W
-1.63591172455237	-20.4427575247306	4.41285320839475e-08	1.71808965095336e-06	1772459_at	YDL181W
-1.30867606405348	-20.4404444660391	4.41670410189363e-08	1.71808965095336e-06	1773993_at	YHR008C
-2.21157190519141	-20.4341548203392	4.42719455061333e-08	1.71808965095336e-06	1770437_at	YPR015C
-3.45905757235112	-20.4303364359696	4.4335768811205e-08	1.71808965095336e-06	1771757_at	YER024W
-2.05112729345748	-20.4093920134132	4.46876964579949e-08	1.7250928328989e-06	1774545_at	YIL113W
-1.26008660132268	-20.4008453616249	4.48322075899786e-08	1.7250928328989e-06	1773959_at	YPL159C
-1.38706895325407	-20.3799335664155	4.5188017828932e-08	1.73268301345463e-06	1773420_at	YMR147W
1.50240385870727	20.3410558711432	4.58579934172396e-08	1.75222430791467e-06	1777180_at	YPR138C
-1.59280993043043	-20.3279184846816	4.60869101871962e-08	1.75483538162258e-06	1773688_at	YLR446W
1.53293565169269	20.2991485363159	4.65927276362504e-08	1.76751671292085e-06	1773500_at	YOR012W
1.85950971050551	20.2906441296595	4.6743441620985e-08	1.76751671292085e-06	1773727_at	YFR055W
-1.46676532970341	-20.26805346004	4.71464619694981e-08	1.77660874621612e-06	1778599_at	YKL150W
-1.91093419957803	-20.2519356859332	4.74363955434531e-08	1.78100788637883e-06	1776136_at	YGL208W
-2.78375960325791	-20.2409146665318	4.76358015356517e-08	1.78100788637883e-06	1775480_at	YLR438W
-1.9342373792678	-20.2345090605924	4.77521331175876e-08	1.78100788637883e-06	1773597_at	YDR313C
-3.17872566377761	-20.1766221658825	4.88180348106457e-08	1.81456967486645e-06	1770483_at	YMR280C
-1.42091768919575	-20.1628386495216	4.90757679891607e-08	1.81796607656118e-06	1778808_at	YDL078C
-1.64251690047035	-20.0426269902335	5.13896405376582e-08	1.89647313932295e-06	1770529_at	YOL032W
-5.60168921857377	-20.0349191103518	5.15421415061233e-08	1.89647313932295e-06	1776768_at	YLR377C
-1.50402170197307	-20.0072364741365	5.20940586056339e-08	1.89980479252202e-06	1773890_at	YNL077W
-1.37104279018814	-19.9954149710989	5.23317715136597e-08	1.89980479252202e-06	1774194_at	YPL177C
-1.4887954753384	-19.9859888455659	5.2522191814833e-08	1.89980479252202e-06	1776609_at	YKL142W
-2.01974016682906	-19.9852844414067	5.25364529996195e-08	1.89980479252202e-06	1769551_at	YAL034C
-2.7843203971293	-19.9799601091897	5.26443891162422e-08	1.89980479252202e-06	1771515_at	YML131W
-2.11005183141714	-19.9784142710744	5.26757734383392e-08	1.89980479252202e-06	1771782_at	YDL130W-A
-3.91306898316892	-19.9191878905408	5.38942210903429e-08	1.93735542130022e-06	1771498_at	YGL156W
-1.37534721251675	-19.9071797378964	5.41451102180235e-08	1.93999267036905e-06	1769857_at	YKL085W
-2.33127799768697	-19.869323911199	5.494468459749e-08	1.96220755974304e-06	1771624_at	YDR453C
1.95070623734887	19.8127398772519	5.61647229819632e-08	1.99924460178141e-06	1778228_at	YCR043C
1.53733957515081	19.7987550341859	5.64709364480943e-08	2.00361816072979e-06	1771737_at	YNL153C
1.71226755479745	19.7796570393649	5.68921471438809e-08	2.00389932747477e-06	1777383_at	YOR092W
-3.53522293742574	-19.7743845878865	5.70090542090773e-08	2.00389932747477e-06	1776173_at	YPR030W
-4.5056312397593	-19.7683539263146	5.71431047742034e-08	2.00389932747477e-06	1776183_at	YDR216W
2.10267782791523	19.7586366096695	5.73598498226063e-08	2.00389932747477e-06	1773809_at	YNL065W
-1.24175385918885	-19.7542057795754	5.74589865930268e-08	2.00389932747477e-06	1773560_at	YBL033C
-1.31222828057241	-19.7488489936914	5.7579098538349e-08	2.00389932747477e-06	1772790_at	YPL170W
-2.94674728010667	-19.7233618129902	5.8154465950323e-08	2.01749842509565e-06	1770566_at	YOR028C
-3.50202213211331	-19.670241058761	5.93745696526957e-08	2.04796560249695e-06	1769805_at	YMR169C
1.31571364458732	19.6688246609517	5.940749414271e-08	2.04796560249695e-06	1772349_at	YNL182C
-1.87441475140654	-19.6355437477466	6.01870605062385e-08	2.06183133922312e-06	1779105_at	YLR258W
-1.8227339663932	-19.6239777611732	6.04606703512773e-08	2.06473189249612e-06	1774157_at	YMR271C
-1.41135243873051	-19.6024526134053	6.09736127817957e-08	2.07480752216917e-06	1770855_at	YMR156C
-5.3622227396157	-19.5942108344552	6.11713086460825e-08	2.07480752216917e-06	1773135_at	YPL054W
-1.28676123221349	-19.5878119844336	6.13252955399562e-08	2.07480752216917e-06	1780210_at	YOR052C
-1.33588832544743	-19.577704901084	6.15694096467215e-08	2.07663737228201e-06	1775892_at	YIL077C
-3.51582150479368	-19.5527046039983	6.2177947411195e-08	2.09070956710627e-06	1769723_at	YGR174W-A
-6.85685474396806	-19.5427020890527	6.24233141145729e-08	2.09252140074863e-06	1778142_at	YBR117C
-3.03608720640573	-19.4991523743352	6.35043855935307e-08	2.12225053751102e-06	1774769_at	YIL037C
-1.90761577551495	-19.4906920060559	6.37168395130253e-08	2.12285860426323e-06	1776257_at	YGR250C
1.35454739039903	19.4708612563096	6.42179641550114e-08	2.13305140512451e-06	1775394_at	YBR042C
1.52794725853192	19.4497205145411	6.47570821887239e-08	2.14126932757506e-06	1769887_at	YHR133C
-1.4489706760619	-19.4458139702786	6.48572609285639e-08	2.14126932757506e-06	1780036_at	YEL012W
1.39291568008166	19.4302569077957	6.5257937144916e-08	2.14682461229616e-06	1773605_at	YNL175C
-1.37620838425453	-19.4240555963899	6.54184293461402e-08	2.14682461229616e-06	1774736_at	YPR098C
-2.92343415942101	-19.4041006401125	6.59378926410216e-08	2.15739308617091e-06	1774495_at	YMR250W
-2.2482456080674	-19.3889604303421	6.63351166831861e-08	2.16391091078764e-06	1773831_at	YMR114C
-1.39935304445354	-19.364723437772	6.69766251731383e-08	2.17833499967874e-06	1776670_at	YFL042C
-1.24618232368289	-19.3550567611552	6.7234429189631e-08	2.18023098571005e-06	1769313_at	YGL059W
-3.75623631383578	-19.3447650389824	6.75101306763159e-08	2.18269440245793e-06	1778907_at	YMR105C
3.19901657817842	19.3202716103083	6.8171407841061e-08	2.19757269878205e-06	1769349_s_at	YOR072W-B
-4.07649824937771	-19.3047687782767	6.85937209154005e-08	2.20468288871617e-06	1769544_at	YLR149C
1.47389459382547	19.2775554514648	6.93421781830715e-08	2.2222032937965e-06	1774092_at	YML043C
2.46007179616443	19.2637482368941	6.9725433436129e-08	2.22623892701453e-06	1777559_at	YKL128C
-1.40400570860873	-19.2583635626755	6.98755446528169e-08	2.22623892701453e-06	1774804_at	YNR007C
-7.530657952216	-19.241665240069	7.03433692560193e-08	2.23165052898099e-06	1770125_at	YDL218W
1.29284553150118	19.2377408065234	7.04538280104724e-08	2.23165052898099e-06	1778487_at	YJR063W
-2.45465426678152	-19.2223238108314	7.0889654523391e-08	2.23896573592953e-06	1777587_at	YPR159C-A
1.31258583764238	19.1917045516483	7.17642621233863e-08	2.25429211149388e-06	1779892_at	YPR167C
-1.57981292959917	-19.1868241654932	7.19047840234905e-08	2.25429211149388e-06	1769462_at	YIL125W
-1.47089059923422	-19.1762606495067	7.22100029172244e-08	2.25429211149388e-06	1771022_at	YBR056W
-3.54549770843139	-19.1752579090193	7.22390514578033e-08	2.25429211149388e-06	1772051_at	YEL011W
-4.57911628813001	-19.1694918613488	7.24063443570966e-08	2.25429211149388e-06	1769998_at	YLR346C
-1.37782685969444	-19.0935274878548	7.4651527372492e-08	2.31759059979146e-06	1775988_at	YLR254C
-1.33057898919785	-19.0811615437166	7.50243745903859e-08	2.32256760771597e-06	1771958_at	YKL124W
-1.47648652455559	-19.0717489856777	7.5309578399923e-08	2.32481093998406e-06	1777079_at	YGR143W
-1.36335623830424	-19.0549053687296	7.58229957497981e-08	2.33406675367266e-06	1769800_at	YDR231C
-2.94861005157972	-19.037199132355	7.63669570097784e-08	2.34244661585956e-06	1778617_at	YJL216C
1.34637827013728	19.0321161405302	7.65239240356757e-08	2.34244661585956e-06	1776363_at	YLR372W
-2.01283187351848	-18.9852690251793	7.79878172599706e-08	2.38058901401385e-06	1776232_at	YER039C
-3.15033739719661	-18.9758002017846	7.82875146934027e-08	2.38308067011004e-06	1774926_at	YBR214W
-2.04420121719424	-18.9314877361992	7.9707378603376e-08	2.41428350967735e-06	1775443_at	YHR033W
-1.41746730566983	-18.9300347282956	7.97544241392315e-08	2.41428350967735e-06	1769874_at	YPR155C
-3.22854564992024	-18.9065454104971	8.05193133021432e-08	2.4262707976649e-06	1776228_at	YPL222W
1.45443794315282	18.9042511373732	8.05944637218484e-08	2.4262707976649e-06	1775190_at	YMR209C
-1.25685563770269	-18.8741949511267	8.1586297587833e-08	2.44938203307648e-06	1777334_at	YKL141W
2.70241730116675	18.84826781575	8.2452917118591e-08	2.46861774869031e-06	1770032_at	YPL095C
1.20143161329808	18.822446368834	8.33263108273445e-08	2.48795061399241e-06	1773696_at	YLR008C
1.85112578713844	18.809050454687	8.3783516285853e-08	2.49277849569496e-06	1771109_at	YHL028W
1.44978649911749	18.8030748355162	8.39883752409742e-08	2.49277849569496e-06	1774509_at	YMR214W
1.24258830460626	18.7977228231519	8.41723339047805e-08	2.49277849569496e-06	1776524_at	YBL028C
1.2797319410019	18.7879288852212	8.45101448280807e-08	2.4960185477872e-06	1774469_at	YDR089W
1.97437507382621	18.7780286031054	8.485317477246e-08	2.49939486230039e-06	1773613_at	YJL212C
-1.26312247211971	-18.7576429783339	8.55644510864283e-08	2.51357075664648e-06	1769808_at	YOL071W
-2.02194644202532	-18.6800637538431	8.83332793053129e-08	2.58795194704681e-06	1774052_at	YDR275W
-5.22137548814547	-18.6713717585127	8.86497299113248e-08	2.59027873922716e-06	1774699_at	YDL214C
-1.40431421393694	-18.6603273888201	8.90536651449804e-08	2.59514254054492e-06	1779408_at	YBR126C
1.4812145594226	18.6503994689473	8.94185354061773e-08	2.59599037189949e-06	1774223_at	YMR290C
-2.46396574363873	-18.640360577817	8.97891951143394e-08	2.59599037189949e-06	1773894_at	YLL019C
1.47142458872133	18.6401923554973	8.97954209899346e-08	2.59599037189949e-06	1772701_at	YGL186C
-8.82341234420823	-18.6176621883993	9.06336633408427e-08	2.61331048281986e-06	1773545_at	YMR107W
1.2422294808557	18.6106469753106	9.0896461222731e-08	2.61399086379475e-06	1778896_at	YGR020C
-1.47127549780326	-18.6042784628219	9.11357755001415e-08	2.61399410673372e-06	1770695_at	YCR083W
-1.43505413266164	-18.5855461602042	9.18438119207404e-08	2.62740622164883e-06	1775308_at	YEL035C
-1.22418550654521	-18.5495576133189	9.32215270972521e-08	2.65540771095531e-06	1774871_at	YMR148W
-1.90439457860762	-18.5473028097947	9.33086164903768e-08	2.65540771095531e-06	1772371_at	YJL048C
3.03208410459039	18.5303139109281	9.39677453544357e-08	2.66721953567084e-06	1775006_at	YHR092C
1.34128989426067	18.4988997289095	9.52003851198396e-08	2.69520675800416e-06	1777477_at	YCR034W
-3.68130536135889	-18.4811930505425	9.59031754734426e-08	2.70808760096584e-06	1769876_at	YOR338W
-1.84824768350935	-18.4710081927402	9.63100626146266e-08	2.70903243136501e-06	1777999_at	YJR061W
-1.35738715524757	-18.4679546126364	9.64324318997977e-08	2.70903243136501e-06	1776216_at	YDR204W
-1.47565425546238	-18.4550367539518	9.69520413444619e-08	2.71664591746738e-06	1772171_at	YLR152C
1.19811502323203	18.4386942901439	9.76139210852426e-08	2.72265554207309e-06	1778275_at	YHR196W
1.47193563041703	18.4345012603205	9.77845597300709e-08	2.72265554207309e-06	1777207_at	YGR109C
2.29399384274506	18.4313273318439	9.7913948392636e-08	2.72265554207309e-06	1775717_at	YLR413W
-3.48985951054862	-18.4194732560486	9.83988985367602e-08	2.72303645958069e-06	1771143_at	YML054C
-1.2758111028755	-18.4188125665158	9.84260067289871e-08	2.72303645958069e-06	1778018_at	YOR142W
2.12706879372721	18.4086432229336	9.88443180736276e-08	2.72341515476768e-06	1774829_at	YIL011W
1.57638379179674	18.4063694083645	9.89381237594042e-08	2.72341515476768e-06	1771108_at	YHR123W
-2.31674955704884	-18.3839097058578	9.98700931251533e-08	2.74216175294391e-06	1778644_at	YMR017W
-1.24824904487298	-18.368892515508	1.00498742557106e-07	2.75130373229689e-06	1772009_at	YLR270W
1.25375215688261	18.3591817504899	1.00907624112063e-07	2.75130373229689e-06	1771652_at	YML096W
1.24896731568558	18.3579802320567	1.00958345227951e-07	2.75130373229689e-06	1777988_at	YGR280C
-1.65331073719508	-18.3519456866498	1.01213522753651e-07	2.75139645933308e-06	1773607_at	YJL141C
1.75413698998876	18.3109864277502	1.02964829645052e-07	2.79205870561075e-06	1770168_s_at	YOR390W
-1.93623205623658	-18.2954773514288	1.03636832625664e-07	2.80332501716152e-06	1778899_at	YDR258C
1.14595874720557	18.251290615088	1.05578639757524e-07	2.84879845745735e-06	1772508_at	YGR103W
1.75990600514968	18.2286468715088	1.06589567402403e-07	2.8643168804766e-06	1769945_at	YKR092C
-2.3390049304697	-18.2017931091933	1.07802591806361e-07	2.88741843936252e-06	1775421_at	YHR138C
-2.39951155926231	-18.181003060689	1.08752377800217e-07	2.90573590366937e-06	1773903_at	YLR070C
1.24771670610098	18.1281570778485	1.1120928818462e-07	2.9614440808439e-06	1776542_at	YNL231C
-2.99039504786123	-18.1245479387085	1.11379348208899e-07	2.9614440808439e-06	1775057_at	YPL187W
-2.48231219151006	-18.1049503574872	1.12307894166899e-07	2.97888511518416e-06	1775305_at	YPL119C-A
-1.94412892816382	-18.0884903394447	1.13094511701701e-07	2.98771829985286e-06	1773162_at	YJL079C
1.30619127422331	18.0851984295688	1.13252573313238e-07	2.98771829985286e-06	1777706_at	YLR186W
-1.43128040845694	-18.0775363140208	1.13621434283494e-07	2.98771829985286e-06	1776805_at	YHR106W
-1.20859761613386	-18.0751929000111	1.13734518003184e-07	2.98771829985286e-06	1774282_at	YLR348C
-1.17465348366251	-18.0678901940664	1.14087729957923e-07	2.98980986326182e-06	1774340_at	YJL155C
-2.81731009346352	-18.0384857846573	1.15522481189694e-07	3.0201666852655e-06	1771977_at	YBR085C-A
1.22277484759556	18.0127000665258	1.16797381153422e-07	3.04461778648331e-06	1779020_at	YDR045C
1.1480226754414	18.0083310448786	1.17014958850933e-07	3.04461778648331e-06	1779000_at	YHR208W
1.18681256591184	17.9950500884191	1.17679156181053e-07	3.04886770706011e-06	1778885_at	YCL002C
1.37561669680784	17.991848548136	1.17839902899295e-07	3.04886770706011e-06	1776516_at	YDL082W
-1.67528990027878	-17.9883611083172	1.18015285513033e-07	3.04886770706011e-06	1778501_at	YHR075C
1.27889427284176	17.9771525150999	1.18580954653045e-07	3.05625630294451e-06	1778322_at	YGL097W
1.24015417852803	17.9659728848041	1.19148201872976e-07	3.05999240030763e-06	1778189_at	YMR120C
-4.09356736184133	-17.9580040453878	1.19554398859722e-07	3.05999240030763e-06	1780079_at	YEL041W
-1.90567123525759	-17.9550016332566	1.19707845121303e-07	3.05999240030763e-06	1776350_at	YLR431C
1.24251483766924	17.9523027303074	1.19845968826104e-07	3.05999240030763e-06	1771766_at	YLR244C
1.61689790209174	17.9404526578029	1.20454553796153e-07	3.0683621535766e-06	1772330_at	YDR414C
1.2893519501239	17.9251010811399	1.21248140843615e-07	3.08139461195123e-06	1770098_at	YML125C
1.09577009657947	17.9071234663634	1.22184964281186e-07	3.09799835189049e-06	1775614_at	YLR293C
-3.32595277908051	-17.8796790078416	1.23630853434937e-07	3.12740269985416e-06	1774888_at	YJL045W
-3.55110957683956	-17.852470640495	1.25083329114911e-07	3.1568374608955e-06	1778404_at	YMR244W
1.33370334709231	17.8442343246365	1.25526788971125e-07	3.16072983842501e-06	1779745_at	YLR435W
1.22213769801686	17.8245045980155	1.26596286940906e-07	3.17544394717506e-06	1770485_at	YJL148W
1.24413624883867	17.8227423806678	1.2669230975186e-07	3.17544394717506e-06	1775150_at	YPL211W
1.1553397661884	17.8155105116193	1.27087231451116e-07	3.17805323866773e-06	1770339_at	YKL081W
-1.38119854032494	-17.7976280478276	1.28069725099173e-07	3.19531040156111e-06	1771104_at	YIL073C
-1.47583571569353	-17.7772843300837	1.29197846742061e-07	3.2161140528411e-06	1779027_at	YMR152W
-4.69543266347627	-17.751960604406	1.30617772182475e-07	3.24407048729565e-06	1775976_at	YFR053C
1.23953860195324	17.7416635617466	1.31200149962084e-07	3.25114566618062e-06	1773669_at	YOR004W
1.41873293461353	17.713708379515	1.32796015274954e-07	3.28324627811019e-06	1776725_at	YOR226C
-1.8344131524499	-17.6924447398926	1.34024507020576e-07	3.30613953210125e-06	1778834_at	YLL056C
1.50995336806431	17.676586615666	1.34949021506913e-07	3.31134582161192e-06	1777016_at	YBL081W
1.17436421789132	17.6736954635917	1.35118344998822e-07	3.31134582161192e-06	1770720_at	YLR020C
-2.15410003543756	-17.673247457226	1.35144604359344e-07	3.31134582161192e-06	1771986_at	YGR201C
-1.51846455123108	-17.6661097746317	1.35563746291858e-07	3.31153572814479e-06	1772342_at	YDL200C
1.36709663271167	17.6616726390257	1.3582504247067e-07	3.31153572814479e-06	1771287_at	YGL012W
-1.33207555337201	-17.6576663830718	1.36061451494968e-07	3.31153572814479e-06	1775221_at	YBR255C-A
1.59905094150847	17.6508268346484	1.36466123268446e-07	3.31400398906128e-06	1771962_at	YPR060C
-1.22899542322116	-17.6095277788007	1.38938597425205e-07	3.36104187260613e-06	1779832_at	YGL080W
1.25558975583595	17.5963212029213	1.39739844285456e-07	3.37103094558823e-06	1773627_at	YPL030W
-2.43655057212759	-17.5856610939969	1.40390387637215e-07	3.37926466101208e-06	1772447_at	YLR251W
-1.27227848846308	-17.5466891898359	1.4279784055794e-07	3.42959305190609e-06	1772686_at	YOL117W
-1.82400424542721	-17.5343460449744	1.43569981973539e-07	3.42959305190609e-06	1775678_at	YLR142W
-1.5428439532013	-17.5314683924868	1.43750671527055e-07	3.42959305190609e-06	1773588_at	YLR004C
1.33625342179317	17.5303266636645	1.43822432231399e-07	3.42959305190609e-06	1779544_at	YER127W
1.14454487617243	17.5267032529615	1.44050440229218e-07	3.42959305190609e-06	1774335_at	YOR310C
-1.35891538651995	-17.5035108320285	1.45519519651032e-07	3.45703763205757e-06	1777449_at	YIR014W
1.19100428377045	17.4830482033034	1.46829688190908e-07	3.48059616605258e-06	1777650_at	YMR243C
1.28978205787463	17.4551372815826	1.48638193265295e-07	3.51584020779901e-06	1779760_at	YBR187W
1.40112428950164	17.4280660232287	1.50416257752059e-07	3.55021353070088e-06	1775861_at	YBR130C
-1.81352795337077	-17.421527468953	1.5084929425887e-07	3.55276096478648e-06	1771982_at	YMR170C
1.14851027660563	17.4131252342018	1.51407818815991e-07	3.55824654628204e-06	1779772_at	YLL012W
-1.82101277229777	-17.3996233605512	1.52310211565062e-07	3.57177251498497e-06	1774177_at	YNL144C
-1.48875743338401	-17.379997315141	1.53632717255993e-07	3.59507137938649e-06	1770920_at	YPL189C-A
-4.08061566350904	-17.3707408138828	1.54260946951785e-07	3.60046423746434e-06	1769643_at	YBR169C
1.2941601733278	17.3669050900788	1.54522120000986e-07	3.60046423746434e-06	1773300_at	YEL026W
-2.18903373359298	-17.3214144242629	1.57657784303954e-07	3.66571120611406e-06	1772778_at	YBL078C
1.60824859409075	17.2879938435387	1.60007070945952e-07	3.71243582016425e-06	1769730_at	YHR128W
1.43442765284032	17.237079110697	1.63662163093892e-07	3.78919516586874e-06	1777630_at	YKL216W
1.31862982239255	17.2313600620203	1.64078558329701e-07	3.79080440893653e-06	1776896_at	YLR146C
1.6512919060915	17.2178204450523	1.65069114672517e-07	3.80564406147946e-06	1776441_at	YDR408C
-1.3322967425156	-17.2087464313402	1.65736731599333e-07	3.81048779014687e-06	1775904_at	YMR136W
-4.53851496248292	-17.2054963774669	1.65976591152078e-07	3.81048779014687e-06	1778053_at	YBR054W
-2.55505019947285	-17.1687171049709	1.68718344414021e-07	3.86531251101975e-06	1779267_at	YER096W
1.74783235335031	17.0986090298442	1.74086879806088e-07	3.97996113498102e-06	1778359_at	YLR180W
1.20413752661718	17.0864182167492	1.75039863586842e-07	3.99339379807308e-06	1771271_at	YKR043C
-1.08413787491081	-17.0799710887827	1.75546221019117e-07	3.99660229853524e-06	1779265_at	YBR071W
1.34275500387604	17.0658084041813	1.76664352334698e-07	4.01369655366649e-06	1772095_at	YIL110W
1.30551649731421	17.0609369420627	1.77050799279374e-07	4.01413098449169e-06	1773261_at	YIL079C
-2.71510324305379	-16.9863034249044	1.83091823615831e-07	4.13084440924234e-06	1777366_at	YIL045W
-1.90993222977202	-16.9814358045586	1.83493800837574e-07	4.13084440924234e-06	1770013_at	YFL052W
1.48749623172217	16.9801277915932	1.83601988103427e-07	4.13084440924234e-06	1770820_at	YOL097C
-1.82604327743686	-16.9788144705652	1.83710686575016e-07	4.13084440924234e-06	1771925_at	YJL164C
2.18990092948457	16.9505505095943	1.86067611411076e-07	4.17083475515311e-06	1772232_at	YLR179C
1.11180252245715	16.9483503523464	1.86252503707423e-07	4.17083475515311e-06	1775866_at	YDR299W
2.13904485061064	16.9409480831333	1.86876078860525e-07	4.17624087891169e-06	1778416_at	YIL114C
-2.10988663337565	-16.9323912355222	1.8759984420247e-07	4.17998902040056e-06	1773936_at	YIL055C
-4.63407966931188	-16.9299276757131	1.87808803899769e-07	4.17998902040056e-06	1771908_at	YNL160W
-2.25940128459233	-16.9104001376345	1.89474424423636e-07	4.1846852500898e-06	1778293_at	YKR075C
1.39731064468807	16.9078115136173	1.89696467948395e-07	4.1846852500898e-06	1779813_at	YNL248C
-1.18416513618226	-16.9054800126252	1.89896706787766e-07	4.1846852500898e-06	1777253_at	YOR230W
1.55507224962075	16.9034632039521	1.90070110296055e-07	4.1846852500898e-06	1770183_at	YJL193W
-5.1264134685921	-16.9005905980247	1.90317402021837e-07	4.1846852500898e-06	1771373_at	YHR139C
-1.16482300981803	-16.8858572943739	1.91591436003448e-07	4.20002899790429e-06	1770332_at	YCR076C
-3.24653853755975	-16.8770832050462	1.92354713265045e-07	4.20002899790429e-06	1770659_at	YPL017C
1.37804770801265	16.8759009465505	1.92457821677724e-07	4.20002899790429e-06	1772631_at	YLR073C
1.1996605528666	16.8748151289595	1.92552573933936e-07	4.20002899790429e-06	1779031_at	YER081W
1.59741091999373	16.8577156127621	1.94051676539812e-07	4.22429625742443e-06	1775295_at	YDR321W
1.21616326621206	16.8383599217929	1.95764433576074e-07	4.25310880739431e-06	1773375_at	YJR069C
1.32447137843135	16.7907253527799	2.00052409751271e-07	4.33360123847698e-06	1778089_at	YPL252C
-1.25841565297576	-16.7884210356076	2.0026250232713e-07	4.33360123847698e-06	1771536_at	YER101C
-1.81116203019905	-16.7117874551356	2.07392801339984e-07	4.47902872142953e-06	1775953_s_at	YNL034W
-1.04278674523302	-16.6679701568535	2.11597767002452e-07	4.56082918698777e-06	1774553_at	YOL060C
1.08766307975199	16.6545376848246	2.12905960296806e-07	4.57999278370767e-06	1776678_at	YOR276W
1.54665258901498	16.6356499567961	2.14760854191673e-07	4.61081849628015e-06	1778791_at	YHR144C
1.60843413445296	16.6072898501448	2.17580217978372e-07	4.66218945503462e-06	1772198_at	YCR102C
-1.27806135883032	-16.5827435837541	2.20054063079591e-07	4.70597025701326e-06	1771712_at	YER066W
1.24431928325307	16.5611943717681	2.22251946136794e-07	4.74368997535719e-06	1778252_at	YGL234W
1.31910459155603	16.5504434777613	2.23357689895251e-07	4.74878846488903e-06	1779334_at	YDL219W
1.29416384542877	16.5504217976298	2.23359925965681e-07	4.74878846488903e-06	1779734_at	YMR217W
-1.05626561411021	-16.5353372350998	2.24921853623474e-07	4.77271071145111e-06	1775484_at	YCR004C
1.43712094574227	16.514548775395	2.27094553009721e-07	4.80947533970975e-06	1771188_at	YNL217W
1.21510039161955	16.498104233063	2.28829971101066e-07	4.83685478567205e-06	1775762_at	YLR197W
1.1527177438843	16.4847522753698	2.30249995625861e-07	4.85747481119576e-06	1770044_at	YML124C
-1.53692271741225	-16.4786880357134	2.30898217084498e-07	4.86176438593332e-06	1769905_at	YJR151C
1.03457836692309	16.4637642585764	2.32502211912332e-07	4.88612340726531e-06	1774513_at	YJL183W
1.74409558606829	16.4523594325089	2.33736439266099e-07	4.90263302936647e-06	1778277_at	YLR452C
1.1494357290586	16.4327373810681	2.35877210553326e-07	4.93166221678717e-06	1773766_at	YMR215W
1.61268299676176	16.4314083847591	2.36022999577204e-07	4.93166221678717e-06	1771055_at	YNL301C
-1.35361881585078	-16.4247674408039	2.36753021356378e-07	4.9374752240124e-06	1775494_at	YER004W
1.18398745009839	16.4180777184397	2.37490972834191e-07	4.9434311450134e-06	1776937_at	YOR311C
-4.10081883734855	-16.37610115169	2.42180910904737e-07	5.03146957103987e-06	1771802_at	YER054C
-7.65716704505424	-16.3447644456406	2.45749989355618e-07	5.09593146808005e-06	1778666_at	YHR096C
1.17539510332282	16.328951213037	2.47573451633404e-07	5.12402022623076e-06	1773288_at	YPR110C
-2.45242666993888	-16.3063352277183	2.50207849319982e-07	5.15981097318478e-06	1778677_at	YDR009W
-2.07206499134558	-16.3060006772127	2.50247054885426e-07	5.15981097318478e-06	1775390_at	YMR104C
-4.11863873200459	-16.2829641736164	2.52963359398545e-07	5.19721193388033e-06	1776624_at	YOR374W
-1.18383455938166	-16.2825529554743	2.53012147586414e-07	5.19721193388033e-06	1778280_at	YBR212W
1.33679818771152	16.2625716467837	2.55395585784038e-07	5.23632825787612e-06	1776859_at	YDL014W
-1.16266443058272	-16.2557529824775	2.562147075883e-07	5.24328525191936e-06	1775677_at	YOR162C
1.10796074475841	16.248289643273	2.57114661046852e-07	5.25186731947663e-06	1772643_at	YHR039C-A
-2.29955992243793	-16.235739312467	2.5863604424866e-07	5.2697897432437e-06	1774564_at	YLL026W
-2.17754395469811	-16.2318376368729	2.59111075523293e-07	5.2697897432437e-06	1773684_at	YJL103C
1.39285861914587	16.2287102732146	2.59492542094414e-07	5.2697897432437e-06	1771751_at	YBR175W
-2.10234921343904	-16.2252038311241	2.59920998500032e-07	5.2697897432437e-06	1774137_at	YEL039C
1.08579310595892	16.2157817592288	2.6107623792222e-07	5.28243699079928e-06	1772676_at	YHR089C
1.18843310888942	16.2122433845431	2.6151156771801e-07	5.28243699079928e-06	1779402_at	YPL227C
-1.28535195452427	-16.2010457812003	2.62894606728027e-07	5.30057612974885e-06	1778498_at	YBR139W
1.26954377999546	16.1844476737099	2.64959826709115e-07	5.33237750695619e-06	1773030_at	YGR041W
1.16198581718947	16.1728474553464	2.66414011578144e-07	5.34679466363073e-06	1776748_at	YLR449W
1.15957228053133	16.1709339344876	2.66654748506474e-07	5.34679466363073e-06	1777944_at	YNL151C
-1.09522808152112	-16.1558143150708	2.68565546405365e-07	5.3723208158618e-06	1774010_at	YGR019W
-3.46364044516529	-16.1511043188308	2.69163930338283e-07	5.3723208158618e-06	1777402_at	YOR186W
-1.29580137931903	-16.1492288466764	2.69402617779307e-07	5.3723208158618e-06	1769751_at	YOR285W
-2.97230470097507	-16.1408764286572	2.70468506114526e-07	5.37874713765912e-06	1778930_at	YOR289W
-2.87698771349599	-16.1389948826783	2.70709272118642e-07	5.37874713765912e-06	1774756_at	YML100W
-2.00655835030803	-16.1317249324011	2.71641814602692e-07	5.38748048997862e-06	1778358_at	YOR237W
-2.33563952244893	-16.0963372957757	2.76232994224903e-07	5.46861261030751e-06	1772193_at	YLR297W
1.07940914391998	16.0845087893765	2.77787022378928e-07	5.48240163588253e-06	1779191_at	YBR283C
1.27918082762442	16.0834024167569	2.7793287941791e-07	5.48240163588253e-06	1778323_at	YPR137W
-3.68368248225849	-16.0680718456696	2.79962850139695e-07	5.51249374112899e-06	1778040_at	YKR076W
-2.12938801562018	-16.0485204124215	2.82575942824266e-07	5.54449798595529e-06	1775055_at	YCR018C
-1.0772520362101	-16.0483191724588	2.82602981165547e-07	5.54449798595529e-06	1779609_at	YER143W
1.87114636531519	16.0362779880386	2.84226124767053e-07	5.55759244070357e-06	1778739_at	YOR315W
1.12948548631821	16.0346392025634	2.84447841047538e-07	5.55759244070357e-06	1770967_at	YIL096C
1.2575869303493	16.0320680006314	2.84796098718338e-07	5.55759244070357e-06	1775167_at	YER131W
-1.08289879613427	-15.9843403555159	2.91348412143013e-07	5.67532165400864e-06	1772252_at	YOR019W
1.0773365116449	15.9605836694168	2.94672904471593e-07	5.7298674378391e-06	1776735_at	YER056C-A
-1.30160686941476	-15.9334121567522	2.98527651028386e-07	5.79451184802522e-06	1773974_at	YLR273C
-1.16091545169084	-15.9294946768443	2.99088074046543e-07	5.79509658365359e-06	1779626_at	YHR132W-A
-1.1044187881051	-15.8922769425651	3.04471726953498e-07	5.88896819849173e-06	1774864_at	YMR197C
1.2136905729619	15.8692620856647	3.07855365689322e-07	5.94389299691326e-06	1778328_at	YEL017C-A
-1.0331281829309	-15.8637768000479	3.08668035144111e-07	5.94907281843889e-06	1772973_at	YJL206C
1.06038292873064	15.8588472399444	3.09400429118908e-07	5.95268994614688e-06	1779553_at	YDR257C
-1.36274845605258	-15.8511636115184	3.10545898604726e-07	5.9642277327811e-06	1779146_at	YMR030W
-1.16491952515756	-15.8403526185065	3.12165673827453e-07	5.98030559011041e-06	1779529_at	YOR020W-A
1.21407249950297	15.8382783844339	3.12477534036699e-07	5.98030559011041e-06	1773703_at	YIL053W
-1.32497267352537	-15.8290187673352	3.13873991261764e-07	5.99418792000303e-06	1777133_at	YNL173C
1.10412875858791	15.8262036433725	3.14299933945986e-07	5.99418792000303e-06	1770754_at	YMR318C
-1.09959644526341	-15.8142248382211	3.16119667424019e-07	6.01612937723923e-06	1779316_at	YCR079W
-1.07614878184798	-15.8113328787114	3.16560765687793e-07	6.01612937723923e-06	1772399_at	YOL110W
-1.0705040379997	-15.8077906630521	3.17101987672932e-07	6.01612937723923e-06	1773413_at	YDR150W
1.12017448294329	15.7557801637861	3.25169723331273e-07	6.157550294813e-06	1774349_at	YKL009W
-1.33624537307028	-15.7482455459393	3.26357494550156e-07	6.157550294813e-06	1777315_at	YCL012C
-1.16323878909711	-15.7474194470239	3.26488018704626e-07	6.157550294813e-06	1776876_at	YPR008W
1.17680614548923	15.7453834796218	3.26809953421627e-07	6.157550294813e-06	1777563_at	YLR359W
-1.36912345228473	-15.7364118757664	3.28232833442795e-07	6.16039086736705e-06	1779275_at	YHR104W
-1.13139261191491	-15.7347501289361	3.28497147048618e-07	6.16039086736705e-06	1770303_at	YBR294W
-1.7112150676823	-15.7337779406057	3.28651891990756e-07	6.16039086736705e-06	1770055_at	YMR306W
1.23155120157949	15.7225771320695	3.30440666936293e-07	6.17389697661299e-06	1775342_at	YJR070C
1.80149782541184	15.7211800097532	3.30664554697794e-07	6.17389697661299e-06	1776993_at	YER001W
1.63280531772099	15.7186693417492	3.31067315912812e-07	6.17389697661299e-06	1774592_at	YOR313C
-1.238027470603	-15.7067047939872	3.32994258447053e-07	6.18569546231513e-06	1779412_at	YNR001C
-2.95156046964868	-15.7035888677264	3.33498158706581e-07	6.18569546231513e-06	1777972_at	YGL081W
-2.20212789468968	-15.7035450110741	3.33505257214857e-07	6.18569546231513e-06	1771963_at	YHR209W
1.3258920163945	15.7007120101657	3.3396415837902e-07	6.18569546231513e-06	1780155_at	YIL145C
1.28221905115305	15.6696800436941	3.39037582709787e-07	6.26750203195917e-06	1779940_at	YGR191W
1.19714186494449	15.6667085004361	3.39527928524875e-07	6.26750203195917e-06	1776267_at	YOR210W
-1.18396800023486	-15.6495776575605	3.42370345407744e-07	6.30931388636733e-06	1778076_at	YBR284W
1.5981476237604	15.6379748675549	3.44310716478696e-07	6.33438974693466e-06	1777971_at	YKL127W
-5.24438637387161	-15.6175266095031	3.47760503778913e-07	6.38148561421913e-06	1771052_at	YDL222C
1.11604833059674	15.6158883743991	3.48038563879448e-07	6.38148561421913e-06	1773888_at	YAL012W
1.14723889632169	15.6001399850102	3.50724346302803e-07	6.41995922344561e-06	1769685_at	YDR518W
-2.19559542048666	-15.5866423000504	3.53044833796526e-07	6.4516286684422e-06	1773109_at	YKR034W
1.17771842349445	15.5814134842449	3.53948391422805e-07	6.45734227290219e-06	1771687_at	YGR204W
-1.43051959557196	-15.5719768108205	3.55585667213803e-07	6.45912066407942e-06	1777937_at	YMR194C-B
-1.0487419284553	-15.5649735657236	3.56806242820311e-07	6.45912066407942e-06	1773345_at	YDR032C
1.05034412565278	15.5628117138628	3.57183976425258e-07	6.45912066407942e-06	1776023_at	YHR042W
-1.1400455184054	-15.5619059378333	3.57342373417757e-07	6.45912066407942e-06	1779306_at	YHR159W
-2.01548958477738	-15.5617071552527	3.57377145954875e-07	6.45912066407942e-06	1776425_at	YBR280C
-3.19565586940595	-15.560478018233	3.57592240278921e-07	6.45912066407942e-06	1773255_at	YGR008C
-3.43361099038116	-15.544248711548	3.60445993981389e-07	6.49992379905713e-06	1776550_at	YDR171W
-1.11190764030297	-15.5325788839083	3.62513831466279e-07	6.52644341064827e-06	1776030_at	YHR150W
1.23159043858727	15.5125573756929	3.66092681216099e-07	6.57482981501596e-06	1776498_at	YMR093W
1.1444080165419	15.5108218475514	3.6640477281705e-07	6.57482981501596e-06	1778317_at	YGL256W
1.49447124952265	15.4957342769051	3.69130531766602e-07	6.61011149217212e-06	1777843_at	YPR113W
-1.75602441348848	-15.4932544468199	3.6958072124059e-07	6.61011149217212e-06	1772852_at	YBR033W
-1.02201801926402	-15.4752087131609	3.72875397183506e-07	6.65484485919829e-06	1773280_at	YOR363C
1.11193563032283	15.4721372673633	3.7343944308761e-07	6.65484485919829e-06	1771215_at	YOL064C
1.24109840044254	15.4647470289278	3.74800533497808e-07	6.65484485919829e-06	1771764_at	YOR101W
-1.0631998838507	-15.4633498573771	3.75058482457228e-07	6.65484485919829e-06	1772255_at	YKL067W
1.52761499331077	15.462462235128	3.75222460913291e-07	6.65484485919829e-06	1772333_at	YPL263C
-1.15619074206731	-15.457638091067	3.76115078650256e-07	6.65484485919829e-06	1773929_at	YNL128W
-1.68246243643543	-15.4563995596108	3.76344630580577e-07	6.65484485919829e-06	1770456_at	YDR001C
-1.15072091479635	-15.4530061293965	3.76974382924552e-07	6.65521172310097e-06	1774838_at	YPL164C
1.25007892970607	15.4491710031768	3.77687531136393e-07	6.65704732299758e-06	1779965_at	YHR143W
-2.76299682892313	-15.4417797754474	3.79066223373976e-07	6.67058887122514e-06	1777917_at	YDR277C
-2.64130683067024	-15.4340213569021	3.80519495669874e-07	6.6853971843736e-06	1778128_at	YHL016C
-2.08810659348743	-15.419533344091	3.83250120548819e-07	6.72256391229133e-06	1779494_at	YFL011W
2.05995451381296	15.4097283394237	3.85110610417883e-07	6.74437299783113e-06	1780197_at	YNL024C
1.22541004810674	15.4047077165431	3.86067196414357e-07	6.75030771586574e-06	1770344_at	YMR149W
-2.12828471352279	-15.3800354213592	3.90807015197425e-07	6.81764106257278e-06	1775444_at	YOR177C
1.0836028410791	15.3781810242895	3.91165899179459e-07	6.81764106257278e-06	1777020_at	YHR052W
1.03698914256413	15.3733173378833	3.92108935902804e-07	6.82319498653797e-06	1779532_at	YJL177W
-1.38650158105761	-15.3341842229175	3.99790257517386e-07	6.93635934240116e-06	1775227_at	YAL008W
-1.04526438360197	-15.3311669348698	4.00389498324944e-07	6.93635934240116e-06	1777874_at	YJR085C
1.420017693588	15.3305288308623	4.00516356611927e-07	6.93635934240116e-06	1773125_at	YGR283C
1.24930833486905	15.3266360433806	4.01291241339568e-07	6.93878272999811e-06	1772573_at	YBR096W
-3.0856099504693	-15.3179881076912	4.03018705348593e-07	6.95764362093116e-06	1775399_at	YBR068C
1.01291457123059	15.3095890996286	4.04704448234817e-07	6.97572588376983e-06	1769591_at	YAR002W
1.1691496303765	15.2949229737103	4.07667081073145e-07	7.00508132203441e-06	1779827_at	YMR285C
-1.84504995561849	-15.2948120586946	4.07689579137435e-07	7.00508132203441e-06	1775673_at	YIL124W
-0.959378500621011	-15.2787735337395	4.10957579527339e-07	7.05014824030575e-06	1773497_at	YNL269W
-1.95588215426519	-15.2640776448194	4.13977868277502e-07	7.09083094754943e-06	1776528_at	YDL021W
1.03747330170391	15.2489957525586	4.17103449518111e-07	7.1331870052174e-06	1769741_at	YDR119W
-2.23463457655078	-15.2402462713312	4.18928847758131e-07	7.15321007547008e-06	1772373_at	YLL039C
0.97838953890513	15.2142968900025	4.24395661355556e-07	7.20742875485958e-06	1777227_at	YBL087C
-4.81450993132994	-15.2129587185095	4.24679742895145e-07	7.20742875485958e-06	1779129_at	YJL153C
1.02159674222521	15.2126640636003	4.24742324133379e-07	7.20742875485958e-06	1780177_at	YOL030W
-1.54150559268804	-15.1863512906097	4.3037285847623e-07	7.29165053864843e-06	1778563_at	YDR111C
1.21904825266467	15.1604269897616	4.36002419797364e-07	7.37559511384768e-06	1770109_at	YHL001W
1.10583007824444	15.1329366282385	4.42062629878858e-07	7.44897362495709e-06	1777242_at	YLR060W
-1.6107323213556	-15.1309273837597	4.42509263336362e-07	7.44897362495709e-06	1777737_at	YNL223W
1.17337604862318	15.1305439551896	4.42594552990135e-07	7.44897362495709e-06	1769478_at	YPL199C
-3.84653775206014	-15.1284228867722	4.4306669621359e-07	7.44897362495709e-06	1777740_x_at	YGR174W-A
1.40947034299626	15.1213559905236	4.44643854158204e-07	7.45320513887198e-06	1770687_at	YLR364W
-1.26240054527155	-15.1203556031238	4.44867625393056e-07	7.45320513887198e-06	1776302_at	YPL247C
-1.35962007894089	-15.118136427928	4.45364472518613e-07	7.45320513887198e-06	1779613_at	YLL060C
1.36388741405909	15.1067721408513	4.47918594594878e-07	7.47391062526648e-06	1771788_at	YAL007C
-1.48977140093132	-15.099112405086	4.49649404214677e-07	7.47391062526648e-06	1778105_at	YNL092W
1.07256645749205	15.0973658152887	4.50045118615691e-07	7.47391062526648e-06	1778702_at	YPR033C
-1.0654509774983	-15.0957667493738	4.50407752574331e-07	7.47391062526648e-06	1772073_at	YPL196W
1.24418491470213	15.0942059225755	4.50762031400927e-07	7.47391062526648e-06	1776104_at	YLR264W
-1.11547348310912	-15.0923929375219	4.51173938644211e-07	7.47391062526648e-06	1769325_at	YDL216C
0.992707769994434	15.0914462837273	4.51389184908114e-07	7.47391062526648e-06	1775933_at	YLR333C
1.22130307978285	15.0642023548256	4.57633519765953e-07	7.56583828139536e-06	1776792_at	YBR261C
1.45361797956724	15.0590999028258	4.5881376660306e-07	7.57389250972544e-06	1771468_at	YMR123W
1.08844857658903	15.0493833115304	4.61070779109848e-07	7.5996703983596e-06	1776927_at	YGL147C
-4.52565152759233	-15.0263147842545	4.66479377881774e-07	7.67723891790968e-06	1769585_at	YBR285W
1.23119781441114	15.019997682413	4.67972880515018e-07	7.69023705002725e-06	1778685_at	YDR449C
1.01896100184436	15.0135162320234	4.69510825501645e-07	7.70392537699996e-06	1769852_at	YBR142W
1.01597341706905	15.000811516711	4.72541956864382e-07	7.73644819245779e-06	1773123_at	YBR243C
1.0316819390236	14.999280130734	4.72908802394016e-07	7.73644819245779e-06	1769503_at	YDR447C
1.0333643029562	14.9839182996735	4.76606507883176e-07	7.78528537839664e-06	1776348_at	YDR021W
0.938421547667418	14.9716015958768	4.79594701701327e-07	7.82240432864493e-06	1779050_at	YPL255W
-0.939604418300185	-14.9577209647402	4.82987582763604e-07	7.86600343433781e-06	1772848_at	YAL028W
-1.03167170597734	-14.9547523995571	4.83716693017514e-07	7.86615479359434e-06	1780220_at	YOL082W
1.41028445699263	14.9388799646795	4.87636171954295e-07	7.9113166540569e-06	1778892_at	YJL011C
-1.00947077373525	-14.935359774313	4.88510261202216e-07	7.9113166540569e-06	1770128_at	YLR256W
1.04323476445028	14.9324645030982	4.8923049793075e-07	7.9113166540569e-06	1771405_at	YHR063C
-1.33943053220763	-14.9294796337254	4.89974272698819e-07	7.9113166540569e-06	1770480_at	YKR039W
-2.81174730297697	-14.9283511109376	4.90255810818107e-07	7.9113166540569e-06	1776664_at	YFL053W
-1.45321528192235	-14.9260215816083	4.90837544971686e-07	7.9113166540569e-06	1771323_at	YFL020C
-2.218186480073	-14.9041592625862	4.96334998514931e-07	7.98814265651129e-06	1776041_at	YGL180W
1.56652953173644	14.8984670016249	4.97777690626022e-07	7.99958029876643e-06	1770806_at	YPL245W
1.01980516315902	14.8657954086748	5.06149927532566e-07	8.11431619276366e-06	1772374_at	YJR054W
-2.53819735504367	-14.8648202485128	5.06402236773867e-07	8.11431619276366e-06	1771990_at	YDR379C-A
1.26087880186495	14.8595732916758	5.07762242563776e-07	8.12419588102042e-06	1777639_at	YGR123C
1.19587765872916	14.8392015115609	5.13081622416749e-07	8.19730404937169e-06	1778077_at	YJR015W
1.11637490473852	14.8361187678686	5.13892014496655e-07	8.19826559769262e-06	1771817_at	YNL169C
1.01484628611943	14.8303952820059	5.15400421725309e-07	8.21034374433553e-06	1774174_at	YLR448W
1.16323718531116	14.821060799172	5.1787118049592e-07	8.23351837500012e-06	1772208_at	YBR048W
-1.36529003625161	-14.8192122059051	5.18362064604693e-07	8.23351837500012e-06	1778154_at	YJL037W
1.07346526395167	14.7998223116315	5.23542569183024e-07	8.30373468219461e-06	1779441_at	YJL078C
1.88475318339749	14.7550604288887	5.35725473072545e-07	8.4759240605741e-06	1776811_at	YKL029C
-1.16391859661191	-14.7539110829248	5.36042459132184e-07	8.4759240605741e-06	1772456_at	YIR036C
2.84362458059809	14.7514360128537	5.36725791537086e-07	8.4759240605741e-06	1778735_at	YGR035C
-1.12530389029123	-14.724492034404	5.44228308520844e-07	8.58200137881065e-06	1776883_at	YNL305C
1.16815403163153	14.7173031475524	5.46249906456945e-07	8.60146826766786e-06	1774541_at	YLR196W
-0.960752348131343	-14.7124312379751	5.4762473959114e-07	8.61070957446328e-06	1772224_at	YDR202C
0.905526124814601	14.702416776011	5.50463005762904e-07	8.64290190657617e-06	1775536_at	YLR061W
-1.88374435256965	-14.6991899532033	5.51381058956677e-07	8.6448955699836e-06	1771260_at	YPR005C
1.20447291640307	14.6787792828034	5.57228041463638e-07	8.72405162910406e-06	1775283_at	YGL016W
1.22095015765024	14.6705933095561	5.59592596987999e-07	8.72998934533631e-06	1776091_at	YOR340C
1.09762239656533	14.6698396627909	5.59810857340983e-07	8.72998934533631e-06	1769799_at	YJL134W
-1.94220446847855	-14.6691733948756	5.60003891936379e-07	8.72998934533631e-06	1771860_at	YAL005C
-1.06770756482204	-14.6641015172008	5.61475796336349e-07	8.74046652758351e-06	1778638_at	YGR046W
-1.07942806715653	-14.6576848051163	5.63344215286441e-07	8.75707764530616e-06	1776422_at	YCL038C
0.988498817497605	14.6517789413565	5.65070060200032e-07	8.76376518760301e-06	1772832_at	YFR009W
-1.03536041184157	-14.6507261503363	5.65378336132881e-07	8.76376518760301e-06	1769958_at	YMR135C
-1.99665584448335	-14.6365705960535	5.69541736472051e-07	8.81579617020761e-06	1772863_at	YMR053C
1.10308306210484	14.6251435970897	5.72927752400749e-07	8.85566404276575e-06	1777295_at	YDL111C
1.26108411485577	14.6138701878224	5.76290433499345e-07	8.89505912045317e-06	1774801_at	YOR184W
-3.02089177364346	-14.6074829095952	5.78205495055257e-07	8.91203053591516e-06	1779517_at	YKL221W
1.26748977408471	14.5897382415449	5.83563405996147e-07	8.98194493059985e-06	1771206_at	YKL165C
0.984414505500093	14.5530970780181	5.94804438338505e-07	9.14208565705089e-06	1774053_at	YBR271W
1.13449908136448	14.5253028749779	6.03493651611045e-07	9.26261042809761e-06	1776853_at	YMR230W
-3.02616986569185	-14.5214908347909	6.0469647948695e-07	9.26805487774669e-06	1780217_at	YGR161C
-1.04978795709103	-14.5157127092494	6.06524812140352e-07	9.28305762894926e-06	1779912_at	YKL198C
-1.03180754956064	-14.5083781795403	6.08854577797041e-07	9.30353810046883e-06	1774478_at	YGL134W
1.22728074371692	14.5061459129422	6.09565636890161e-07	9.30353810046883e-06	1773832_at	YKR060W
-3.25857692713689	-14.503043068202	6.10555557195053e-07	9.30565011021971e-06	1775540_at	YKL050C
-1.14332638299544	-14.4952627895031	6.13045700004545e-07	9.33058970703296e-06	1774776_at	YPL148C
-1.30816879244928	-14.4888588577301	6.15103893153063e-07	9.34561384652962e-06	1776161_at	YDR358W
1.34432420114875	14.4868745157617	6.15743225613226e-07	9.34561384652962e-06	1772317_at	YGR264C
-1.57302911390583	-14.4708576538798	6.2093109329672e-07	9.41128292308815e-06	1773063_at	YMR304W
1.95674674729108	14.4443676757235	6.29619322009019e-07	9.5297506245354e-06	1770780_at	YCL037C
-1.34098624057496	-14.4399342347393	6.31086708324344e-07	9.53874902983185e-06	1779394_at	YDL027C
1.05857989123679	14.4258870038312	6.35761509703384e-07	9.59613505253947e-06	1769890_at	YMR131C
-2.25008480553545	-14.4230211776451	6.36720002890956e-07	9.59734647116189e-06	1773660_at	YEL060C
1.2402903372321	14.3702019442068	6.54679631245271e-07	9.85446144662304e-06	1769550_at	YHR197W
-2.21782472378474	-14.3653963122849	6.56341685972812e-07	9.86588988213327e-06	1778183_at	YOR328W
0.922483812506298	14.3465614974454	6.62901658426575e-07	9.95080951000771e-06	1774952_at	YLR092W
-1.34175352567519	-14.3420278522474	6.64491656513652e-07	9.96099426938434e-06	1773829_at	YDL247W
-2.17713785586648	-14.3329070199352	6.67703425270756e-07	9.98904321013641e-06	1770166_at	YHR097C
-2.29583417162381	-14.3315268779107	6.68190939477463e-07	9.98904321013641e-06	1776948_at	YGL037C
1.26961203841881	14.3282001344174	6.6936770532696e-07	9.99296486859702e-06	1772248_at	YGL225W
